steps,time,reward,delta,converged
1,0.0006410000005416805,56.10000000000002,100.1,False
2,0.0005379999993238016,102.60999999999999,10.0,False
3,0.0005380000002332963,110.39199999999997,1.0,False
4,0.0006090000006224727,111.48330000000001,0.10000000000000142,False
5,0.0005289999999149586,111.62273000000003,0.010000000000005116,False
6,0.0005270000001473818,111.63970300000004,0.0010000000000047748,False
7,0.0005959999998594867,111.64151228999995,0.00010000000000021103,False
8,0.000547000000551634,111.641704729,1.0000000003174137e-05,False
9,0.0005300000002534944,111.6417251259,1.0000000010279564e-06,True
