steps,time,reward,delta,converged
1,0.0006600000006073969,57.0,100.0,False
2,0.0005320000000210712,57.0,0,True
