steps,time,reward,delta,converged
1,0.0010990000000674627,-144.73999999999992,100.0,False
2,0.0009509999999863794,-144.73999999999992,0,True
