steps,time,reward,delta,converged
1,0.003408000000490574,-240.32000000000085,100.0,False
2,0.00393900000017311,-240.32000000000085,0,True
